[
    {
        "MUX": "1",
        "Variable": "J_1_Sys_environment_temp",
        "Type": "INT",
        "Description": "Job 1, System: Environment temperature ",
        "Note": "Ortam Sıcalığı"
    },
    {
        "MUX": "2",
        "Variable": "J_2_Sys_err_1_comm_error_vehicle",
        "Type": "BOOL",
        "Description": "Job 2, System: Error message 1: Communication error to vehicle or consumer, e.g.Battery ",
        "Note": "Master Haberleşme arızası"
    },
    {
        "MUX": "2",
        "Variable": "J_2_Sys_err_2_comm_error_1st_IO",
        "Type": "BOOL",
        "Description": "Job 2, System: Error message 2: Communication error to 1stI/O-Electronic ",
        "Note": "Slave Haberleşme arızası"
    },
    {
        "MUX": "2",
        "Variable": "J_2_Sys_err_3_comm_error_2nd_IO",
        "Type": "BOOL",
        "Description": "Job 2, System: Error message 3: Communication error to 2ndI/O-Electronic ",
        "Note": "Yok"
    },
    {
        "MUX": "2",
        "Variable": "J_2_Sys_err_4_no_device_type",
        "Type": "BOOL",
        "Description": "Job 2, System: Error message 4: No device type selected ",
        "Note": "Yok"
    },
    {
        "MUX": "2",
        "Variable": "J_2_Sys_err_5_environm_temp_pr",
        "Type": "BOOL",
        "Description": "Job 2, System: Error message 5: Environment temperature probe defecitve ",
        "Note": "Ortam sıcalık probu arızası"
    },
    {
        "MUX": "2",
        "Variable": "J_2_Sys_err_6_rotation_monitor",
        "Type": "BOOL",
        "Description": "Job 2, System: Error message 6: Rotation field monitoring / phase loss ",
        "Note": "Sigorta arızaları"
    },
    {
        "MUX": "2",
        "Variable": "J_2_Sys_err_7_lifecycle_CANopen",
        "Type": "BOOL",
        "Description": "Job 2, System: Error message 7: Lifecyclecounter-error or CANopen timeout ",
        "Note": "Can timeout"
    },
    {
        "MUX": "3",
        "Variable": "J_3_Sys_state_connector_A_ECU",
        "Type": "BYTE",
        "Description": "Job 3, System: Current status of the digitalInputs of connector A of the ECU / PLC ",
        "Note": "Master"
    },
    {
        "MUX": "3",
        "Variable": "J_3_Sys_state_connector_B_ECU",
        "Type": "BYTE",
        "Description": "Job 3, System: Current status of the digitalInputs of connectorB of the ECU / PLC ",
        "Note": "Master"
    },
    {
        "MUX": "3",
        "Variable": "J_3_Sys_state_connector_C_ECU",
        "Type": "BYTE",
        "Description": "Job 3, System: Current status of the digitalInputs of connector C of the ECU / PLC ",
        "Note": "Master"
    },
    {
        "MUX": "3",
        "Variable": "J_3_Sys_state_connector_E_ECU",
        "Type": "BYTE",
        "Description": "Job 3, System: Current status of the digital outputs of connector E of the ECU / PLC ",
        "Note": "Master"
    },
    {
        "MUX": "3",
        "Variable": "J_3_Sys_state_connector_F_ECU",
        "Type": "BYTE",
        "Description": "Job 3, System: Current status of the digital outputs of connector F of the ECU / PLC ",
        "Note": "Master"
    },
    {
        "MUX": "4",
        "Variable": "J_4_Sys_state_connector_A_1st_IO",
        "Type": "BYTE",
        "Description": "Job 4, System: Current status of the digitalInputs of connector A of the 1stI/O-Electronic ",
        "Note": "Slave 1"
    },
    {
        "MUX": "4",
        "Variable": "J_4_Sys_state_connector_B_1st_IO",
        "Type": "BYTE",
        "Description": "Job 4, System: Current status of the digitalInputs of connectorB of the 1stI/O-Electronic ",
        "Note": "Slave 1"
    },
    {
        "MUX": "4",
        "Variable": "J_4_Sys_state_connector_C_1st_IO",
        "Type": "BYTE",
        "Description": "Job 4, System: Current status of the digitalInputs of connector C of the 1stI/O-Electronic ",
        "Note": "Slave 1"
    },
    {
        "MUX": "4",
        "Variable": "J_4_Sys_state_connector_E_1st_IO",
        "Type": "BYTE",
        "Description": "Job 4, System: Current status of the digital outputs of connector E of the 1stI/O-Electronic ",
        "Note": "Slave 1"
    },
    {
        "MUX": "4",
        "Variable": "J_4_Sys_state_connector_F_1st_IO",
        "Type": "BYTE",
        "Description": "Job 4, System: Current status of the digital outputs of connector F of the 1stI/O-Electronic ",
        "Note": "Slave 1"
    },
    {
        "MUX": "5",
        "Variable": "J_5_Sys_state_connector_A_2nd_IO",
        "Type": "BYTE",
        "Description": "Job 5, System: Current status of the digitalInputs of connector A of the 2ndI/O-Electronic ",
        "Note": "Slave 2 (YOK)"
    },
    {
        "MUX": "5",
        "Variable": "J_5_Sys_state_connector_B_2nd_IO",
        "Type": "BYTE",
        "Description": "Job 5, System: Current status of the digitalInputs of connectorB of the 2ndI/O-Electronic ",
        "Note": "Slave 2 (YOK)"
    },
    {
        "MUX": "5",
        "Variable": "J_5_Sys_state_connector_C_2nd_IO",
        "Type": "BYTE",
        "Description": "Job 5, System: Current status of the digitalInputs of connector C of the 2ndI/O-Electronic ",
        "Note": "Slave 2 (YOK)"
    },
    {
        "MUX": "5",
        "Variable": "J_5_Sys_state_connector_E_2nd_IO",
        "Type": "BYTE",
        "Description": "Job 5, System: Current status of the digital outputs of connector E of the 2ndI/O-Electronic ",
        "Note": "Slave 2 (YOK)"
    },
    {
        "MUX": "5",
        "Variable": "J_5_Sys_state_connector_F_2nd_IO",
        "Type": "BYTE",
        "Description": "Job 5, System: Current status of the digital outputs of connector F of the 2ndI/O-Electronic ",
        "Note": "Slave 2 (YOK)"
    },
    {
        "MUX": "11",
        "Variable": "J_11_C1_state_system_on",
        "Type": "BOOL",
        "Description": "Job 11: Circuit 1: CURRENT STATE Circuit ON ",
        "Note": "Ünite durumu (Açık-Kapalı)"
    },
    {
        "MUX": "11",
        "Variable": "J_11_C1_state_100_perc_heatingp",
        "Type": "BOOL",
        "Description": "Job 11: Circuit 1: CURRENT STATE enable 100% heating power: 0 = reduced heating power, 1 = full heating power (100%) ",
        "Note": "Yok ON-OFF kontrol"
    },
    {
        "MUX": "11",
        "Variable": "J_11_C1_state_lock_heating",
        "Type": "BOOL",
        "Description": "Job 11: Circuit 1: CURRENT STATE lock heating: 0 = heating enabled, 1 = heating locked / disabled ",
        "Note": "Isıtma aktif/pasif"
    },
    {
        "MUX": "11",
        "Variable": "J_11_C1_state_less_power",
        "Type": "BOOL",
        "Description": "Job 11: Circuit 1: CURRENT STATE less power, The power supply for the power consumers cannotBe loaded: 0 = power supply loadable, 1 = power supply not loadable ",
        "Note": "???"
    },
    {
        "MUX": "11",
        "Variable": "J_11_C1_state_low_noise_oper",
        "Type": "BOOL",
        "Description": "Job 11: Circuit 1: CURRENT STATE low noise operation / stationBit ",
        "Note": "Anti noise atif/değil"
    },
    {
        "MUX": "11",
        "Variable": "J_11_C1_error_category_1_active",
        "Type": "BOOL",
        "Description": "Job 11: Circuit 1: error category 1 active, device stopped, no cooling and no coolant flow available ",
        "Note": "pompa çalışmıyor"
    },
    {
        "MUX": "11",
        "Variable": "J_11_C1_error_category_2_active",
        "Type": "BOOL",
        "Description": "Job 11: Circuit 1: error category 2 active, less coolant / no coolant ",
        "Note": "yetersiz su"
    },
    {
        "MUX": "11",
        "Variable": "J_11_C1_error_category_3_active",
        "Type": "BOOL",
        "Description": "Job 11: Circuit 1: error category 3 active, general error, limited function, limeted power ",
        "Note": "Genel alarm (ısıtma + soğutma yok)"
    },
    {
        "MUX": "11",
        "Variable": "J_11_C1_error_category_4_active",
        "Type": "BOOL",
        "Description": "Job 11: Circuit 1: error category 4 active, error refrigeration circuit, no cooling power avialable ",
        "Note": "Soğutma devresi arızası"
    },
    {
        "MUX": "11",
        "Variable": "J_11_C1_error_category_5_active",
        "Type": "BOOL",
        "Description": "Job 11: Circuit 1: error category 5 active, error heating circuit, no heating available ",
        "Note": "Isıtma devresi arızası"
    },
    {
        "MUX": "11",
        "Variable": "J_11_C1_error_category_6_active",
        "Type": "BOOL",
        "Description": "Job 11: Circuit 1: error category 6 active, temperature or humidity out of range ",
        "Note": "ortam sıcaklığı çalışmaya uygun değil"
    },
    {
        "MUX": "11",
        "Variable": "J_11_C1_cycletime_active",
        "Type": "BOOL",
        "Description": "Job 11: Circuit 1: cycle time of cooling compressor active, compressorIs not allowed to start ",
        "Note": "???"
    },
    {
        "MUX": "11",
        "Variable": "J_11_C1_downtime_active",
        "Type": "BOOL",
        "Description": "Job 11: Circuit 1: down time of cooling compressor active, compressorIs not allowed to start ",
        "Note": "comp off time süresiIçerisinde"
    },
    {
        "MUX": "11",
        "Variable": "J_11_C1_locking_time_cooling",
        "Type": "BOOL",
        "Description": "Job 11: Circuit 1: locking time coolingIs active, compressorIs not allowed to start ",
        "Note": "soğutma süresi aktif, ısıtma yok "
    },
    {
        "MUX": "11",
        "Variable": "J_11_C1_locking_time_heating",
        "Type": "BOOL",
        "Description": "Job 11: Circuit 1: down time of heaterIs active, heaterIs not allowed to heat ",
        "Note": "min kapanma süresi atif, ısıtma yok"
    },
    {
        "MUX": "11",
        "Variable": "J_11_C1_cooling_locked_crankcase",
        "Type": "BOOL",
        "Description": "Job 11: Circuit 1: coolingIs lockedBecause of less crankcase temperature ",
        "Note": "Ortam sıcalığınaBakılarakBu kontrol yapılabilir.  "
    },
    {
        "MUX": "12",
        "Variable": "J_12_C1_coolant_feed_flow_temp",
        "Type": "INT",
        "Description": "Job 12, Circuit 1: current feed flow temperature of coolant ",
        "Note": "Yok (-999.9)"
    },
    {
        "MUX": "12",
        "Variable": "J_12_C1_coolant_return_flow_temp",
        "Type": "INT",
        "Description": "Job 12, Circuit 1: current return flow temperature of coolant ",
        "Note": "Su sıcalığı"
    },
    {
        "MUX": "13",
        "Variable": "J_13_C1_pump_speed",
        "Type": "BYTE",
        "Description": "Job 13, Circuit 1: current pump speed of coolant pump ",
        "Note": "% pompa hızı"
    },
    {
        "MUX": "13",
        "Variable": "J_13_C1_coolant_feed_pressure",
        "Type": "INT",
        "Description": "Job 13, Circuit 1: current feed pressure of coolant ",
        "Note": "Yok"
    },
    {
        "MUX": "14",
        "Variable": "J_14_C1_refrig_high_pressure",
        "Type": "INT",
        "Description": "Job 14, Circuit 1: current high pressure of refrigeration circuit ",
        "Note": "HPBasıncı"
    },
    {
        "MUX": "14",
        "Variable": "J_14_C1_refrig_low_pressure",
        "Type": "INT",
        "Description": "Job 14, Circuit 1: current low pressure of refrigeration circuit ",
        "Note": "LPBasıncı"
    },
    {
        "MUX": "14",
        "Variable": "J_14_C1_fan_speed",
        "Type": "BYTE",
        "Description": "Job 14, Circuit 1: current speed of condenser fan ",
        "Note": "% ÇalışmaBilgisi"
    },
    {
        "MUX": "14",
        "Variable": "J_14_C1_hotgas_bypass_valve",
        "Type": "BYTE",
        "Description": "Job 14, Circuit 1: current opening of hotgasBypass valve ",
        "Note": "Yok"
    },
    {
        "MUX": "14",
        "Variable": "J_14_C1_compressor_speed",
        "Type": "BYTE",
        "Description": "Job 14, Circuit 1: current speed of cooling compressor ",
        "Note": "% ÇalışmaBilgisi"
    },
    {
        "MUX": "15",
        "Variable": "J_15_C1_crankcase_temp",
        "Type": "INT",
        "Description": "Job 15, Circuit 1: current temperature of crankcase ",
        "Note": "Yok"
    },
    {
        "MUX": "15",
        "Variable": "J_15_C1_opening_freecool_valve",
        "Type": "BYTE",
        "Description": "Job 15, Circuit 1: current openiing position of freecooling valve ",
        "Note": "Yok"
    },
    {
        "MUX": "18",
        "Variable": "J_18_C1_err_1_coolant_shortage",
        "Type": "BOOL",
        "Description": "Job 18, Circuit 1: Error message 1: Coolant shortage warning ",
        "Note": "Su seviye uyarısı"
    },
    {
        "MUX": "18",
        "Variable": "J_18_C1_err_2_lack_of_coolant",
        "Type": "BOOL",
        "Description": "Job 18, Circuit 1: Error message 2: Lack of coolant ",
        "Note": "Su seviye alarmı"
    },
    {
        "MUX": "18",
        "Variable": "J_18_C1_err_6_max_coolant_temp",
        "Type": "BOOL",
        "Description": "Job 18, Circuit 1: Error message 6: Maximum limit of the return flow temperature of the coolant hasBeen exceeded ",
        "Note": "Su çıkış yüksek sıcaklık uyarısı"
    },
    {
        "MUX": "18",
        "Variable": "J_18_C1_err_8_maxmax_cool_temp",
        "Type": "BOOL",
        "Description": "Job 18, Circuit 1: Error message 8: The absolute maximum limit of the return flow temperature of the coolant hasBeen exceeded (max.max.) ",
        "Note": "Su çıkış yüksek sıcaklık alarmı"
    },
    {
        "MUX": "18",
        "Variable": "J_18_C1_err_9_overload_1st_pump",
        "Type": "BOOL",
        "Description": "Job 18, Circuit 1: Error message 9: Overload 1st Pump ",
        "Note": "Pompa 1 sigortaBilgisi"
    },
    {
        "MUX": "18",
        "Variable": "J_18_C1_err_10_overload_2nd_pump",
        "Type": "BOOL",
        "Description": "Job 18, Circuit 1: Error message 10: Overload 2nd Pump ",
        "Note": "Yok"
    },
    {
        "MUX": "18",
        "Variable": "J_18_C1_err_11_low_coolant_press",
        "Type": "BOOL",
        "Description": "Job 18, Circuit 1: Error message 11: Coolant delivery pressure too low ",
        "Note": "Yok"
    },
    {
        "MUX": "18",
        "Variable": "J_18_C1_err_12_high_coolant_pres",
        "Type": "BOOL",
        "Description": "Job 18, Circuit 1: Error message 12: Coolant delivery pressure too high ",
        "Note": "Yok"
    },
    {
        "MUX": "18",
        "Variable": "J_18_C1_err_13_coolant_press_sen",
        "Type": "BOOL",
        "Description": "Job 18, Circuit 1: Error message 13: Coolant delivery pressure sensor defective ",
        "Note": "Yok"
    },
    {
        "MUX": "18",
        "Variable": "J_18_C1_err_14_gen_pump_error",
        "Type": "BOOL",
        "Description": "Job 18, Circuit 1: Error message 14: General failure of the coolant pump, e.g. speed controller ",
        "Note": "Devre 1 genel alarm"
    },
    {
        "MUX": "18",
        "Variable": "J_18_C1_err_17_overload_1st_fan",
        "Type": "BOOL",
        "Description": "Job 18, Circuit 1: Error message 17: Error or overload 1st fan ",
        "Note": "1. fan sigortaBilgisi"
    },
    {
        "MUX": "18",
        "Variable": "J_18_C1_err_18_overload_2nd_fan",
        "Type": "BOOL",
        "Description": "Job 18, Circuit 1: Error message 18: Error or overload 2nd fan ",
        "Note": "2. fan yok"
    },
    {
        "MUX": "18",
        "Variable": "J_18_C1_err_19_overload_3rd_fan",
        "Type": "BOOL",
        "Description": "Job 18, Circuit 1: Error message 19: Error or overload 3rd fan ",
        "Note": "3. fan yok"
    },
    {
        "MUX": "18",
        "Variable": "J_18_C1_err_20_overload_4th_fan",
        "Type": "BOOL",
        "Description": "Job 18, Circuit 1: Error message 20: Error or overload 4th fan ",
        "Note": "4. fan yok"
    },
    {
        "MUX": "18",
        "Variable": "J_18_C1_err_21_overload_5th_fan",
        "Type": "BOOL",
        "Description": "Job 18, Circuit 1: Error message 21: Error or overload 5th fan ",
        "Note": "5. fan yok"
    },
    {
        "MUX": "18",
        "Variable": "J_18_C1_err_22_overload_6th_fan",
        "Type": "BOOL",
        "Description": "Job 18, Circuit 1: Error message 22: Error or overload 6th fan ",
        "Note": "6. fan yok"
    },
    {
        "MUX": "18",
        "Variable": "J_18_C1_err_23_overload_all_fans",
        "Type": "BOOL",
        "Description": "Job 18, Circuit 1: Error message 23: Overload all fans ",
        "Note": "1.fan sigortaBilgisi"
    },
    {
        "MUX": "18",
        "Variable": "J_18_C1_err_25_overld_1st_heater",
        "Type": "BOOL",
        "Description": "Job 18, Circuit 1: Error message 25: Overload 1st heater ",
        "Note": "Yok"
    },
    {
        "MUX": "18",
        "Variable": "J_18_C1_err_26_1st_heater_limit1",
        "Type": "BOOL",
        "Description": "Job 18, Circuit 1: Error message 26: 1st temperature limiter of 1st heater, self resetting ",
        "Note": "Isıtıcı uyarı"
    },
    {
        "MUX": "18",
        "Variable": "J_18_C1_err_27_1st_heater_limit2",
        "Type": "BOOL",
        "Description": "Job 18, Circuit 1: Error message 27: 2nd temperature limiter of 1st heater, typically not self resetting ",
        "Note": "Isıtıcı alarm"
    },
    {
        "MUX": "18",
        "Variable": "J_18_C1_err_28_1st_heater_relay",
        "Type": "BOOL",
        "Description": "Job 18, Circuit 1: Error message 28: Heating contactor of 1st heater has malfunctioned. contact sticks or does not close ",
        "Note": "Isıtıcı röle alarmı"
    },
    {
        "MUX": "18",
        "Variable": "J_18_C1_err_29_overld_2nd_heater",
        "Type": "BOOL",
        "Description": "Job 18, Circuit 1: Error message 29: Overload 2nd heater ",
        "Note": "Yok"
    },
    {
        "MUX": "18",
        "Variable": "J_18_C1_err_30_2nd_heater_limit1",
        "Type": "BOOL",
        "Description": "Job 18, Circuit 1: Error message 30: 1st temperature limiter of 2nd heater, self resetting ",
        "Note": "Yok"
    },
    {
        "MUX": "18",
        "Variable": "J_18_C1_err_31_2nd_heater_limit2",
        "Type": "BOOL",
        "Description": "Job 18, Circuit 1: Error message 31: 2nd temperature limiter of 2nd heater, typically not self resettings ",
        "Note": "Yok"
    },
    {
        "MUX": "18",
        "Variable": "J_18_C1_err_32_2nd_heater_relais",
        "Type": "BOOL",
        "Description": "Job 18, Circuit 1: Error message 32: Heating contactor of 2nd heater has malfunctioned. contact sticks or does not close ",
        "Note": "Yok"
    },
    {
        "MUX": "18",
        "Variable": "J_18_C1_err_33_feed_temp_probe",
        "Type": "BOOL",
        "Description": "Job 18, Circuit 1: Error message 33: Feed flow temperature probe defective ",
        "Note": "Yok"
    },
    {
        "MUX": "18",
        "Variable": "J_18_C1_err_34_return_temp_probe",
        "Type": "BOOL",
        "Description": "Job 18, Circuit 1: Error message 34: Return flow temperature probe defective ",
        "Note": "Su probu arızası"
    },
    {
        "MUX": "18",
        "Variable": "J_18_C1_err_36_all_temp_probes",
        "Type": "BOOL",
        "Description": "Job 18, Circuit 1: Error message 36: All temperature probes defective ",
        "Note": "Su + Ortam arızası"
    },
    {
        "MUX": "18",
        "Variable": "J_18_C1_err_37_monitor_levelprob",
        "Type": "BOOL",
        "Description": "Job 18, Circuit 1: Error message 37: Logic monitoring of the level sensors, level sensors measure not logic filling ",
        "Note": "Su seviye sensör arızası "
    },
    {
        "MUX": "19",
        "Variable": "J_19_C1_err_57_sw_high_pressure",
        "Type": "BOOL",
        "Description": "Job 19, Circuit 1: Error message 57: Software high pressure switch, high pressureIn refrigeration circuit ",
        "Note": "Tranmitter'dan alınanBilgiIle HP alarmı"
    },
    {
        "MUX": "19",
        "Variable": "J_19_C1_err_58_hw_high_pressure",
        "Type": "BOOL",
        "Description": "Job 19, Circuit 1: Error message 58: Hardware high pressure switch, high pressureIn refrigeration circuit ",
        "Note": "HP1 Switch'en alınanBilgiIle HP alarmı"
    },
    {
        "MUX": "19",
        "Variable": "J_19_C1_err_59_low_pressure",
        "Type": "BOOL",
        "Description": "Job 19, Circuit 1: Error message 59: Low pressure, low pressureIn refrigeration circuit, loss of refrigerant ",
        "Note": "LP1 Switch'en alınanBilgiIle LP alarmı"
    },
    {
        "MUX": "19",
        "Variable": "J_19_C1_err_60_lp_probe",
        "Type": "BOOL",
        "Description": "Job 19, Circuit 1: Error message 60: Low pressure probe defective ",
        "Note": "LP1 probu arızalı"
    },
    {
        "MUX": "19",
        "Variable": "J_19_C1_err_61_hp_probe",
        "Type": "BOOL",
        "Description": "Job 19, Circuit 1: Error message 61: High pressure probe defective ",
        "Note": "HP1 probu arızalı"
    },
    {
        "MUX": "19",
        "Variable": "J_19_C1_err_62_overload_compress",
        "Type": "BOOL",
        "Description": "Job 19, Circuit 1: Error message 62: Overload compressor ",
        "Note": "Comp1 sigortaBilgisi"
    },
    {
        "MUX": "19",
        "Variable": "J_19_C1_err_63_comm_error_compr",
        "Type": "BOOL",
        "Description": "Job 19, Circuit 1: Error message 63: Communication error to frequencyInverter of compressor or cooling compressor with canInterface ",
        "Note": "Pompa1 haberleşme arızası"
    },
    {
        "MUX": "19",
        "Variable": "J_19_C1_err_64_error_fi_compr",
        "Type": "BOOL",
        "Description": "Job 19, Circuit 1: Error message 64: Error message of frequencyInverter of compressor or cooling compressor with canInterface ",
        "Note": "Pompadan hata mesajı alnıyor."
    },
    {
        "MUX": "19",
        "Variable": "J_19_C1_err_65_crankcase_temp_p",
        "Type": "BOOL",
        "Description": "Job 19, Circuit 1: Error message 65: Crankcase temperature probe defective ",
        "Note": "Yok"
    },
    {
        "MUX": "19",
        "Variable": "J_19_C1_err_66_gen_err_crankcase",
        "Type": "BOOL",
        "Description": "Job 19, Circuit 1: Error message 66: General error crankcase heater ",
        "Note": "Yok"
    },
    {
        "MUX": "19",
        "Variable": "J_19_C1_err_69_freecool_valve",
        "Type": "BOOL",
        "Description": "Job 19, Circuit 1: Error message 69: General error free cooling valve ",
        "Note": "Yok"
    },
    {
        "MUX": "19",
        "Variable": "J_19_C1_err_70_ctr_freecool_valv",
        "Type": "BOOL",
        "Description": "Job 19, Circuit 1: Error message 70: Communication error to valve controller (motorBidge) of free cool valve ",
        "Note": "Yok"
    },
    {
        "MUX": "30",
        "Variable": "J_30_C1_setpoint_coolant_temp",
        "Type": "INT",
        "Description": "Job 30, Circuit 1: Setpoint of coolant temperature ",
        "Note": "Sistem set noktası"
    },
    {
        "MUX": "30",
        "Variable": "J_30_C1_setpoint_pump_speed",
        "Type": "BYTE",
        "Description": "Job 30, Circuit 1: Setpoint of coolant pump speed ",
        "Note": "Yok"
    },
    {
        "MUX": "30",
        "Variable": "J_30_C1_setpoint_pump_press",
        "Type": "INT",
        "Description": "Job 30, Circuit 1: Setpoint of coolant pump pressure ",
        "Note": "Pompa hızı"
    },
    {
        "MUX": "30",
        "Variable": "J_30_C1_setpoint_fan_speed_noise",
        "Type": "BYTE",
        "Description": "Job 30, Circuit 1: Setpoint of fan speed for noise reduction ",
        "Note": "Anti noise set noktası"
    },
    {
        "MUX": "31",
        "Variable": "J_31_C1_max_lim_coolant_temp",
        "Type": "BYTE",
        "Description": "Job 31, Circuit 1: max. limit for coolant return flow temperature ",
        "Note": "Dönüş suyu sıcalığı uyarı limiti"
    },
    {
        "MUX": "31",
        "Variable": "J_31_C1_max_max_lim_coolant_temp",
        "Type": "BYTE",
        "Description": "Job 31, Circuit 1: max. max. limit for coolant return flow temperature ",
        "Note": "Dönüş suyu sıcalığı uyarı alarm"
    },
    {
        "MUX": "32",
        "Variable": "J_32_C1_max_limit_pump",
        "Type": "INT",
        "Description": "Job 32, Circuit 1: max pressure limit of coolant pump pressure ",
        "Note": "Yok"
    },
    {
        "MUX": "32",
        "Variable": "J_32_C1_min_limit_pump",
        "Type": "INT",
        "Description": "Job 32, Circuit 1: min pressure limit of coolant pump pressure ",
        "Note": "Yok"
    },
    {
        "MUX": "41",
        "Variable": "J_41_C2_state_system_on_Kopie_1",
        "Type": "BOOL",
        "Description": "Job 41: Circuit 2: CURRENT STATE Circuit ON ",
        "Note": "Devre 2 açık"
    },
    {
        "MUX": "41",
        "Variable": "J_41_C2_state_100_perc_heatingp",
        "Type": "BOOL",
        "Description": "Job 41: Circuit 2: CURRENT STATE enable 100% heating power: 0 = reduced heating power, 1 = full heating power (100%) ",
        "Note": "Yok ON-OFF kontrol"
    },
    {
        "MUX": "41",
        "Variable": "J_41_C2_state_lock_heating",
        "Type": "BOOL",
        "Description": "Job 41: Circuit 2: CURRENT STATE lock heating: 0 = heating enabled, 1 = heating locked / disabled ",
        "Note": "Isıtma aktif/pasif (1. devreIle aynı)"
    },
    {
        "MUX": "41",
        "Variable": "J_41_C2_state_less_power",
        "Type": "BOOL",
        "Description": "Job 41: Circuit 2: CURRENT STATE less power, The power supply for the power consumers cannotBe loaded: 0 = power supply loadable, 1 = power supply not loadable ",
        "Note": "???"
    },
    {
        "MUX": "41",
        "Variable": "J_41_C2_state_low_noise_oper",
        "Type": "BOOL",
        "Description": "Job 41: Circuit 2: CURRENT STATE low noise operation / stationBit ",
        "Note": "Anti noise atif/değil"
    },
    {
        "MUX": "41",
        "Variable": "J_41_C2_error_category_1_active",
        "Type": "BOOL",
        "Description": "Job 41: Circuit 2: error category 1 active, device stopped, no cooling and no coolant flow available ",
        "Note": "pompa çalışmıyor"
    },
    {
        "MUX": "41",
        "Variable": "J_41_C2_error_category_2_active",
        "Type": "BOOL",
        "Description": "Job 41: Circuit 2: error category 2 active, less coolant / no coolant  ",
        "Note": "yetersiz su"
    },
    {
        "MUX": "41",
        "Variable": "J_41_C2_error_category_3_active",
        "Type": "BOOL",
        "Description": "Job 41: Circuit 2: error category 3 active, general error, limited function, limeted power  ",
        "Note": "Genel alarm (ısıtma + soğutma yok)"
    },
    {
        "MUX": "41",
        "Variable": "J_41_C2_error_category_4_active",
        "Type": "BOOL",
        "Description": "Job 41: Circuit 2: error category 4 active, error refrigeration circuit, no cooling power avialable ",
        "Note": "Soğutma devresi arızası"
    },
    {
        "MUX": "41",
        "Variable": "J_41_C2_error_category_5_active",
        "Type": "BOOL",
        "Description": "Job 41: Circuit 2: error category 5 active, error heating circuit, no heating available ",
        "Note": "Isıtma devresi arızası"
    },
    {
        "MUX": "41",
        "Variable": "J_41_C2_error_category_6_active",
        "Type": "BOOL",
        "Description": "Job 41: Circuit 2: error category 6 active, temperature or humidity out of range ",
        "Note": "ortam sıcaklığı çalışmaya uygun değil"
    },
    {
        "MUX": "41",
        "Variable": "J_41_C2_cycletime_active",
        "Type": "BOOL",
        "Description": "Job 41: Circuit 2: cycle time of cooling compressor active, compressorIs not allowed to start ",
        "Note": "???"
    },
    {
        "MUX": "41",
        "Variable": "J_41_C2_downtime_active",
        "Type": "BOOL",
        "Description": "Job 41: Circuit 2: down time of cooling compressor active, compressorIs not allowed to start ",
        "Note": "comp off time süresiIçerisinde"
    },
    {
        "MUX": "41",
        "Variable": "J_41_C2_locking_time_cooling",
        "Type": "BOOL",
        "Description": "Job 41: Circuit 2: locking time coolingIs active, compressorIs not allowed to start ",
        "Note": "soğutma süresi aktif, ısıtma yok "
    },
    {
        "MUX": "41",
        "Variable": "J_41_C2_locking_time_heating",
        "Type": "BOOL",
        "Description": "Job 41: Circuit 2: down time of heaterIs active, heaterIs not allowed to heat ",
        "Note": "min kapanma süresi atif, ısıtma yok"
    },
    {
        "MUX": "41",
        "Variable": "J_41_C2_cooling_locked_crankcase",
        "Type": "BOOL",
        "Description": "Job 41: Circuit 2: coolingIs lockedBecause of less crankcase temperature ",
        "Note": "ortam sıcaklığı çalışmaya uygun değil (düşük)"
    },
    {
        "MUX": "42",
        "Variable": "J_42_C2_coolant_feed_flow_temp",
        "Type": "INT",
        "Description": "Job 42, Circuit 2: current feed flow temperature of coolant ",
        "Note": "Yok (-999.9)"
    },
    {
        "MUX": "42",
        "Variable": "J_42_C2_coolant_return_flow_temp",
        "Type": "INT",
        "Description": "Job 42, Circuit 2: current return flow temperature of coolant ",
        "Note": "Su sıcalığı (1. devreIle aynı)"
    },
    {
        "MUX": "43",
        "Variable": "J_43_C2_pump_speed",
        "Type": "BYTE",
        "Description": "Job 43, Circuit 2: current pump speed of coolant pump ",
        "Note": "% pompa hızı "
    },
    {
        "MUX": "43",
        "Variable": "J_43_C2_coolant_feed_pressure",
        "Type": "INT",
        "Description": "Job 43, Circuit 2: current feed pressure of coolant ",
        "Note": "Yok"
    },
    {
        "MUX": "44",
        "Variable": "J_44_C2_refrig_high_pressure",
        "Type": "INT",
        "Description": "Job 44, Circuit 2: current high pressure of refrigeration circuit ",
        "Note": "HPBasıncı"
    },
    {
        "MUX": "44",
        "Variable": "J_44_C2_refrig_low_pressure",
        "Type": "INT",
        "Description": "Job 44, Circuit 2: current low pressure of refrigeration circuit ",
        "Note": "LPBasıncı"
    },
    {
        "MUX": "44",
        "Variable": "J_44_C2_fan_speed",
        "Type": "BYTE",
        "Description": "Job 44, Circuit 2: current speed of condenser fan ",
        "Note": "% ÇalışmaBilgisi"
    },
    {
        "MUX": "44",
        "Variable": "J_44_C2_hotgas_bypass_valve",
        "Type": "BYTE",
        "Description": "Job 44, Circuit 2: current opening of hotgasBypass valve ",
        "Note": "Yok"
    },
    {
        "MUX": "44",
        "Variable": "J_44_C2_compressor_speed",
        "Type": "BYTE",
        "Description": "Job 44, Circuit 2: current speed of cooling compressor ",
        "Note": "% ÇalışmaBilgisi"
    },
    {
        "MUX": "45",
        "Variable": "J_45_C2_crankcase_temp",
        "Type": "INT",
        "Description": "Job 45, Circuit 2: current temperature of crankcase ",
        "Note": "Yok"
    },
    {
        "MUX": "45",
        "Variable": "J_45_C2_opening_freecool_valve",
        "Type": "BYTE",
        "Description": "Job 45, Circuit 2: current openiing position of freecooling valve ",
        "Note": "Yok"
    },
    {
        "MUX": "48",
        "Variable": "J_48_C2_err_1_coolant_shortage",
        "Type": "BOOL",
        "Description": "Job 48, Circuit 2: Error message 1: Coolant shortage warning  ",
        "Note": "Su seviye uyarısı (Devre 1Ile aynı)"
    },
    {
        "MUX": "48",
        "Variable": "J_48_C2_err_2_lack_of_coolant",
        "Type": "BOOL",
        "Description": "Job 48, Circuit 2: Error message 2: Lack of coolant ",
        "Note": "Su seviye alarmı (Devre 1Ile aynı)"
    },
    {
        "MUX": "48",
        "Variable": "J_48_C2_err_6_max_coolant_temp",
        "Type": "BOOL",
        "Description": "Job 48, Circuit 2: Error message 6: Maximum limit of the return flow temperature of the coolant hasBeen exceeded ",
        "Note": "Su çıkış yüksek sıcaklık uyarısı (Devre 1Ile aynı)"
    },
    {
        "MUX": "48",
        "Variable": "J_48_C2_err_8_maxmax_cool_temp",
        "Type": "BOOL",
        "Description": "Job 48, Circuit 2: Error message 8: The absolute maximum limit of the return flow temperature of the coolant hasBeen exceeded (max.max.) ",
        "Note": "Su çıkış yüksek sıcaklık alarmı (Devre 1Ile aynı)"
    },
    {
        "MUX": "48",
        "Variable": "J_48_C2_err_9_overload_1st_pump",
        "Type": "BOOL",
        "Description": "Job 48, Circuit 2: Error message 9: Overload 1st Pump ",
        "Note": "Pompa 2 sigortaBilgisi "
    },
    {
        "MUX": "48",
        "Variable": "J_48_C2_err_10_overload_2nd_pump",
        "Type": "BOOL",
        "Description": "Job 48, Circuit 2: Error message 10: Overload 2nd Pump ",
        "Note": "Yok"
    },
    {
        "MUX": "48",
        "Variable": "J_48_C2_err_11_low_coolant_press",
        "Type": "BOOL",
        "Description": "Job 48, Circuit 2: Error message 11: Coolant delivery pressure too low ",
        "Note": "Yok"
    },
    {
        "MUX": "48",
        "Variable": "J_48_C2_err_12_high_coolant_pres",
        "Type": "BOOL",
        "Description": "Job 48, Circuit 2: Error message 12: Coolant delivery pressure too high ",
        "Note": "Yok"
    },
    {
        "MUX": "48",
        "Variable": "J_48_C2_err_13_coolant_press_sen",
        "Type": "BOOL",
        "Description": "Job 48, Circuit 2: Error message 13: Coolant delivery pressure sensor defective ",
        "Note": "Yok"
    },
    {
        "MUX": "48",
        "Variable": "J_48_C2_err_14_gen_pump_error",
        "Type": "BOOL",
        "Description": "Job 48, Circuit 2: Error message 14: General failure of the coolant pump, e.g. speed controller ",
        "Note": "Devre 2 genel alarm"
    },
    {
        "MUX": "48",
        "Variable": "J_48_C2_err_17_overload_1st_fan",
        "Type": "BOOL",
        "Description": "Job 48, Circuit 2: Error message 17: Error or overload 1st fan ",
        "Note": "1. fan sigortaBilgisi"
    },
    {
        "MUX": "48",
        "Variable": "J_48_C2_err_18_overload_2nd_fan",
        "Type": "BOOL",
        "Description": "Job 48, Circuit 2: Error message 18: Error or overload 2nd fan ",
        "Note": "2. fan yok"
    },
    {
        "MUX": "48",
        "Variable": "J_48_C2_err_19_overload_3rd_fan",
        "Type": "BOOL",
        "Description": "Job 48, Circuit 2: Error message 19: Error or overload 3rd fan ",
        "Note": "3. fan yok"
    },
    {
        "MUX": "48",
        "Variable": "J_48_C2_err_20_overload_4th_fan",
        "Type": "BOOL",
        "Description": "Job 48, Circuit 2: Error message 20: Error or overload 4th fan ",
        "Note": "4. fan yok"
    },
    {
        "MUX": "48",
        "Variable": "J_48_C2_err_21_overload_5th_fan",
        "Type": "BOOL",
        "Description": "Job 48, Circuit 2: Error message 21: Error or overload 5th fan ",
        "Note": "5. fan yok"
    },
    {
        "MUX": "48",
        "Variable": "J_48_C2_err_22_overload_6th_fan",
        "Type": "BOOL",
        "Description": "Job 48, Circuit 2: Error message 22: Error or overload 6th fan ",
        "Note": "6. fan yok"
    },
    {
        "MUX": "48",
        "Variable": "J_48_C2_err_23_overload_all_fans",
        "Type": "BOOL",
        "Description": "Job 48, Circuit 2: Error message 23: Overload all fans",
        "Note": "1.fan sigortaBilgisi"
    },
    {
        "MUX": "48",
        "Variable": "J_48_C2_err_25_overld_1st_heater",
        "Type": "BOOL",
        "Description": "Job 48, Circuit 2: Error message 25: Overload 1st heater ",
        "Note": "Yok"
    },
    {
        "MUX": "48",
        "Variable": "J_48_C2_err_26_1st_heater_limit1",
        "Type": "BOOL",
        "Description": "Job 48, Circuit 2: Error message 26: 1st temperature limiter of 1st heater, self resetting ",
        "Note": "Isıtıcı uyarı (Devre 1Ile aynı)"
    },
    {
        "MUX": "48",
        "Variable": "J_48_C2_err_27_1st_heater_limit2",
        "Type": "BOOL",
        "Description": "Job 48, Circuit 2: Error message 27: 2nd temperature limiter of 1st heater, typically not self resetting ",
        "Note": "Isıtıcı alarm (Devre 1Ile aynı)"
    },
    {
        "MUX": "48",
        "Variable": "J_48_C2_err_28_1st_heater_relay",
        "Type": "BOOL",
        "Description": "Job 48, Circuit 2: Error message 28: Heating contactor of 1st heater has malfunctioned. contact sticks or does not close ",
        "Note": "Isıtıcı röle alarmı (Devre 1Ile aynı)"
    },
    {
        "MUX": "48",
        "Variable": "J_48_C2_err_29_overld_2nd_heater",
        "Type": "BOOL",
        "Description": "Job 48, Circuit 2: Error message 29: Overload 2nd heater ",
        "Note": "Yok"
    },
    {
        "MUX": "48",
        "Variable": "J_48_C2_err_30_2nd_heater_limit1",
        "Type": "BOOL",
        "Description": "Job 48, Circuit 2: Error message 30: 1st temperature limiter of 2nd heater, self resetting ",
        "Note": "Yok"
    },
    {
        "MUX": "48",
        "Variable": "J_48_C2_err_31_2nd_heater_limit2",
        "Type": "BOOL",
        "Description": "Job 48, Circuit 2: Error message 31: 2nd temperature limiter of 2nd heater, typically not self resetting ",
        "Note": "Yok"
    },
    {
        "MUX": "48",
        "Variable": "J_48_C2_err_32_2nd_heater_relais",
        "Type": "BOOL",
        "Description": "Job 48, Circuit 2: Error message 32: Heating contactor of 2nd heater has malfunctioned. contact sticks or does not close ",
        "Note": "Yok"
    },
    {
        "MUX": "48",
        "Variable": "J_48_C2_err_33_feed_temp_probe",
        "Type": "BOOL",
        "Description": "Job 48, Circuit 2: Error message 33: Feed flow temperature probe defective ",
        "Note": "Yok"
    },
    {
        "MUX": "48",
        "Variable": "J_48_C2_err_34_return_temp_probe",
        "Type": "BOOL",
        "Description": "Job 48, Circuit 2: Error message 34: Return flow temperature probe defective ",
        "Note": "Su probu arızası (Devre 1Ile aynı)"
    },
    {
        "MUX": "48",
        "Variable": "J_48_C2_err_36_all_temp_probes",
        "Type": "BOOL",
        "Description": "Job 48, Circuit 2: Error message 36: All temperature probes defective ",
        "Note": "Su + Ortam arızası (Devre 1Ile aynı)"
    },
    {
        "MUX": "48",
        "Variable": "J_48_C2_err_37_monitor_levelprob",
        "Type": "BOOL",
        "Description": "Job 48, Circuit 2: Error message 37: Logic monitoring of the level sensors, level sensors measure not logic filling ",
        "Note": "Su seviye sensör arızası (Devre 1Ile aynı)"
    },
    {
        "MUX": "49",
        "Variable": "J_49_C2_err_57_sw_high_pressure",
        "Type": "BOOL",
        "Description": "Job 49, Circuit 2: Error message 57: Software high pressure switch, high pressureIn refrigeration circuit ",
        "Note": "Tranmitter'dan alınanBilgiIle HP alarmı"
    },
    {
        "MUX": "49",
        "Variable": "J_49_C2_err_58_hw_high_pressure",
        "Type": "BOOL",
        "Description": "Job 49, Circuit 2: Error message 58: Hardware high pressure switch, high pressureIn refrigeration circuit ",
        "Note": "HP2 Switch'en alınanBilgiIle HP alarmı"
    },
    {
        "MUX": "49",
        "Variable": "J_49_C2_err_59_low_pressure",
        "Type": "BOOL",
        "Description": "Job 49, Circuit 2: Error message 59: Low pressure, low pressureIn refrigeration circuit, loss of refrigerant ",
        "Note": "LP2 Switch'en alınanBilgiIle LP alarmı"
    },
    {
        "MUX": "49",
        "Variable": "J_49_C2_err_60_lp_probe",
        "Type": "BOOL",
        "Description": "Job 49, Circuit 2: Error message 60: Low pressure probe defective ",
        "Note": "LP2 probu arızalı"
    },
    {
        "MUX": "49",
        "Variable": "J_49_C2_err_61_hp_probe",
        "Type": "BOOL",
        "Description": "Job 49, Circuit 2: Error message 61: High pressure probe defective ",
        "Note": "HP2 probu arızalı"
    },
    {
        "MUX": "49",
        "Variable": "J_49_C2_err_62_overload_compress",
        "Type": "BOOL",
        "Description": "Job 49, Circuit 2: Error message 62: Overload compressor ",
        "Note": "Comp2 sigortaBilgisi"
    },
    {
        "MUX": "49",
        "Variable": "J_49_C2_err_63_comm_error_compr",
        "Type": "BOOL",
        "Description": "Job 49, Circuit 2: Error message 63: Communication error to frequencyInverter of compressor or cooling compressor with canInterface ",
        "Note": "Pompa1 haberleşme arızası"
    },
    {
        "MUX": "49",
        "Variable": "J_49_C2_err_64_error_fi_compr",
        "Type": "BOOL",
        "Description": "Job 49, Circuit 2: Error message 64: Error message of frequencyInverter of compressor or cooling compressor with canInterface ",
        "Note": "Pompadan hata mesajı alnıyor."
    },
    {
        "MUX": "49",
        "Variable": "J_49_C2_err_65_crankcase_temp_p",
        "Type": "BOOL",
        "Description": "Job 49, Circuit 2: Error message 65: Crankcase temperature probe defective ",
        "Note": "Yok"
    },
    {
        "MUX": "49",
        "Variable": "J_49_C2_err_66_gen_err_crankcase",
        "Type": "BOOL",
        "Description": "Job 49, Circuit 2: Error message 66: General error crankcase heater ",
        "Note": "Yok"
    },
    {
        "MUX": "49",
        "Variable": "J_49_C2_err_69_freecool_valve",
        "Type": "BOOL",
        "Description": "Job 49, Circuit 2: Error message 69: General error free cooling valve ",
        "Note": "Yok"
    },
    {
        "MUX": "49",
        "Variable": "J_49_C2_err_70_ctr_freecool_valv",
        "Type": "BOOL",
        "Description": "Job 49, Circuit 2: Error message 70: Communication error to valve controller (motorBidge) of free cool valve ",
        "Note": "Yok"
    },
    {
        "MUX": "60",
        "Variable": "J_60_C2_setpoint_coolant_temp",
        "Type": "INT",
        "Description": "Job 60, Circuit 2: Setpoint of coolant temperature ",
        "Note": "Sistem set noktası (1. devreIle aynı)"
    },
    {
        "MUX": "60",
        "Variable": "J_60_C2_setpoint_pump_speed",
        "Type": "BYTE",
        "Description": "Job 60, Circuit 2: Setpoint of coolant pump pressure ",
        "Note": "Yok"
    },
    {
        "MUX": "60",
        "Variable": "J_60_C2_setpoint_pump_press",
        "Type": "INT",
        "Description": "Job 60, Circuit 2: Setpoint of coolant pump speed ",
        "Note": "Pompa hızı"
    },
    {
        "MUX": "60",
        "Variable": "J_60_C2_setpoint_fan_speed_noise",
        "Type": "BYTE",
        "Description": "Job 60, Circuit 2: Setpoint of fan speed for noise reduction ",
        "Note": "Anti noise set noktası (1. devreIle aynı)"
    },
    {
        "MUX": "61",
        "Variable": "J_61_C2_max_lim_coolant_temp",
        "Type": "BYTE",
        "Description": "Job 61, Circuit 2: max. limit for coolant return flow temperature ",
        "Note": "Dönüş suyu sıcalığı uyarı limiti"
    },
    {
        "MUX": "61",
        "Variable": "J_61_C2_max_max_lim_coolant_temp",
        "Type": "BYTE",
        "Description": "Job 61, Circuit 2: max. max. limit for coolant return flow temperature ",
        "Note": "Dönüş suyu sıcalığı uyarı alarm"
    },
    {
        "MUX": "62",
        "Variable": "J_62_C2_max_limit_pump",
        "Type": "INT",
        "Description": "Job 62, Circuit 2: max pressure limit of coolant pump pressure ",
        "Note": "Yok"
    },
    {
        "MUX": "62",
        "Variable": "J_62_C2_min_limit_pump",
        "Type": "INT",
        "Description": "Job 62, Circuit 2: min pressure limit of coolant pump pressure ",
        "Note": "Yok"
    },
    {
        "MUX": "251",
        "Variable": "J_251_Sys_SW_Part_Byte_1",
        "Type": "BYTE",
        "Description": "Job 251, System:Byte 1 of Software-No, ASCII coded ",
        "Note": "Rezerve ???"
    },
    {
        "MUX": "251",
        "Variable": "J_251_Sys_SW_Part_Byte_2",
        "Type": "BYTE",
        "Description": "Job 251, System:Byte 2 of Software-No, ASCII coded ",
        "Note": "Rezerve ???"
    },
    {
        "MUX": "251",
        "Variable": "J_251_Sys_SW_Part_Byte_3",
        "Type": "BYTE",
        "Description": "Job 251, System:Byte 3 of Software-No, ASCII coded ",
        "Note": "Rezerve ???"
    },
    {
        "MUX": "251",
        "Variable": "J_251_Sys_SW_Part_Byte_4",
        "Type": "BYTE",
        "Description": "Job 251, System:Byte 4 of Software-No, ASCII coded ",
        "Note": "Rezerve ???"
    },
    {
        "MUX": "251",
        "Variable": "J_251_Sys_SW_Part_Byte_5",
        "Type": "BYTE",
        "Description": "Job 251, System:Byte 5 of Software-No, ASCII coded ",
        "Note": "Rezerve ???"
    },
    {
        "MUX": "251",
        "Variable": "J_251_Sys_SW_Part_Byte_6",
        "Type": "BYTE",
        "Description": "Job 251, System:Byte 6 of Software-No, ASCII coded ",
        "Note": "Rezerve ???"
    },
    {
        "MUX": "251",
        "Variable": "J_251_Sys_SW_Part_Byte_7",
        "Type": "BYTE",
        "Description": "Job 251, System:Byte 7 of Software-No, ASCII coded ",
        "Note": "Rezerve ???"
    },
    {
        "MUX": "252",
        "Variable": "J_252_Sys_SW_Part_Byte_8",
        "Type": "BYTE",
        "Description": "Job 252, System:Byte 8 of Software-No, ASCII coded ",
        "Note": "Rezerve ???"
    },
    {
        "MUX": "252",
        "Variable": "J_252_Sys_SW_Part_Byte_9",
        "Type": "BYTE",
        "Description": "Job 252, System:Byte 9 of Software-No, ASCII coded ",
        "Note": "Rezerve ???"
    },
    {
        "MUX": "252",
        "Variable": "J_252_Sys_SW_Part_Byte_10",
        "Type": "BYTE",
        "Description": "Job 252, System:Byte 10 of Software-No, ASCII coded ",
        "Note": "Rezerve ???"
    },
    {
        "MUX": "252",
        "Variable": "J_252_Sys_SW_Part_Byte_11",
        "Type": "BYTE",
        "Description": "Job 252, System:Byte 11 of Software-No, ASCII coded ",
        "Note": "Rezerve ???"
    },
    {
        "MUX": "253",
        "Variable": "J_253_Sys_SW_Version_Byte_1",
        "Type": "BYTE",
        "Description": "Job 253, System:Byte 1 of Software version, ASCII coded ",
        "Note": "Rezerve ???"
    },
    {
        "MUX": "253",
        "Variable": "J_253_Sys_SW_Version_Byte_2",
        "Type": "BYTE",
        "Description": "Job 253, System:Byte 2 of Software version, ASCII coded ",
        "Note": "Rezerve ???"
    },
    {
        "MUX": "253",
        "Variable": "J_253_Sys_SW_Version_Byte_3",
        "Type": "BYTE",
        "Description": "Job 253, System:Byte 3 of Software version, ASCII coded ",
        "Note": "Rezerve ???"
    },
    {
        "MUX": "253",
        "Variable": "J_253_Sys_SW_Version_Byte_4",
        "Type": "BYTE",
        "Description": "Job 253, System:Byte 4 of Software version, ASCII coded ",
        "Note": "Rezerve ???"
    },
    {
        "MUX": "253",
        "Variable": "J_253_Sys_SW_Version_Byte_5",
        "Type": "BYTE",
        "Description": "Job 253, System:Byte 5 of Software version, ASCII coded ",
        "Note": "Rezerve ???"
    },
    {
        "MUX": "253",
        "Variable": "J_253_Sys_SW_Version_Byte_6",
        "Type": "BYTE",
        "Description": "Job 253, System:Byte 6 of Software version, ASCII coded ",
        "Note": "Rezerve ???"
    },
    {
        "MUX": "253",
        "Variable": "J_253_Sys_SW_Version_Byte_7",
        "Type": "BYTE",
        "Description": "Job 253, System:Byte 7 of Software version, ASCII coded ",
        "Note": "Rezerve ???"
    }
]